year,total_revenue_lkr,total_revenue_lkr_scale,total_revenue_usd,total_revenue_usd_scale,eps_lkr,eps_lkr_scale,eps_usd,eps_usd_scale,share_count,share_count_scale,net_profit_lkr,net_profit_lkr_scale,net_profit_usd,net_profit_usd_scale,operating_expenses_lkr,operating_expenses_lkr_scale,operating_expenses_usd,operating_expenses_usd_scale,net_asset_per_share_lkr,net_asset_per_share_lkr_scale,gross_profit_margin,gross_profit_margin_scale,cost_of_sales_lkr,cost_of_sales_lkr_scale,cost_of_sales_usd,cost_of_sales_usd_scale,net_asset_per_share_usd,net_asset_per_share_usd_scale
2019,182000.0,K,1018.0109631949883,K,1228000000000.0,K,6868777.2681508,Mn,141854717.0,Mn,2580000000000.0,K,14431144423.31357,K,131000.0,K,771.8984226423538,Mn,151716451549.0,K,188.39550603889344,Mn,205689.0,K,1150.5145989484283,K,9.201252936570086,Mn
2020,182000.0,K,981026.3044415696,K,1228000000000.0,K,6619232.427770591,Mn,141854717.0,Mn,2580000000000.0,K,13906856403.62225,K,131000.0,K,743.8551099611901,Mn,151716451549.0,K,188.39550603889344,Mn,205689.0,K,1108.716041397154,K,8.866968520914186,Mn
2021,196121000.0,K,986127.3129525342,K,3671111000000.0,K,18458924.97988737,Mn,31032021.0,Mn,1916000000000.0,K,9633950120.675785,K,12232000000000.0,K,61504424778.76106,K,171416451549.0,K,195.01336701682536,Mn,218109.0,K,1096.6864440868867,K,8.618262268704747,Mn
2022,7121807000000000.0,K,19788843813387.426,K,2021000.0,K,53.47467281669399,Mn,200000.0,Mn,2022121.0,K,5618.719608769346,K,2000.0,K,5557.253605268276,K,2248.0,K,188.94786385007484,Mn,1000.0,K,2.7786268026341383,Mn,6.246353052321543,Mn
2023,214000.0,K,663010.8126529728,K,20000.0,K,29840217.492332004,Mn,45746000000000.0,Mn,202223.0,K,626523.5306874865,K,27000.0,K,83650.89692350592,K,2486.0,K,99.95501574448943,Mn,1000.0,K,3.0981813675372556,Mn,7.627722526876724,Mn
